{
  "hash": "616fef40",
  "configHash": "bcc1e2f4",
  "lockfileHash": "ff6707ba",
  "browserHash": "a75f8052",
  "optimized": {
    "@angular/core": {
      "src": "../../../../../../node_modules/@angular/core/fesm2022/core.mjs",
      "file": "@angular_core.js",
      "fileHash": "31fe486c",
      "needsInterop": false
    },
    "@angular/platform-browser": {
      "src": "../../../../../../node_modules/@angular/platform-browser/fesm2022/platform-browser.mjs",
      "file": "@angular_platform-browser.js",
      "fileHash": "1850a8d3",
      "needsInterop": false
    },
    "@angular/router": {
      "src": "../../../../../../node_modules/@angular/router/fesm2022/router.mjs",
      "file": "@angular_router.js",
      "fileHash": "958b7e4b",
      "needsInterop": false
    },
    "zone.js": {
      "src": "../../../../../../node_modules/zone.js/fesm2015/zone.js",
      "file": "zone__js.js",
      "fileHash": "6df544f0",
      "needsInterop": true
    },
    "@angular/forms": {
      "src": "../../../../../../node_modules/@angular/forms/fesm2022/forms.mjs",
      "file": "@angular_forms.js",
      "fileHash": "baad0898",
      "needsInterop": false
    },
    "uuid": {
      "src": "../../../../../../node_modules/uuid/dist/index.js",
      "file": "uuid.js",
      "fileHash": "3c6e852b",
      "needsInterop": false
    }
  },
  "chunks": {
    "chunk-TSV7T6NI": {
      "file": "chunk-TSV7T6NI.js"
    },
    "chunk-ULUUMUDW": {
      "file": "chunk-ULUUMUDW.js"
    },
    "chunk-MIMBV3VA": {
      "file": "chunk-MIMBV3VA.js"
    },
    "chunk-WDMUDEB6": {
      "file": "chunk-WDMUDEB6.js"
    }
  }
}